{
    "CategoryActivity": [
        true,
        true,
        true,
        true,
        true,
        true,
        true,
        true
    ],
    "Entities": [
        {
            "Components": {
                "SkyboxRenderer": [
                    {
                        "filePath": "application/resource/Texture/output_skybox.dds",
                        "materialBuff": {
                            "color": [
                                0.14223825931549072,
                                0.1369972825050354,
                                0.2405063509941101,
                                1.0
                            ]
                        },
                        "transformBuff": {
                            "rotate": [
                                0.0,
                                0.0,
                                0.0,
                                1.0
                            ],
                            "scale": [
                                1.0,
                                1.0,
                                1.0
                            ],
                            "translate": [
                                2.123469352722168,
                                0.4650675058364868,
                                1.276084542274475
                            ]
                        }
                    }
                ]
            },
            "Name": "Skybox",
            "Systems": [
                {
                    "SystemCategory": 6,
                    "SystemName": "SkyboxRender"
                }
            ],
            "isUnique": true
        },
        {
            "Components": {
                "AABBCollider": [
                    {
                        "max": [
                            10000.0,
                            10000.0,
                            10000.0
                        ],
                        "min": [
                            -10000.0,
                            -10000.0,
                            -10000.0
                        ],
                        "transform": {
                            "rotate": [
                                0.0,
                                0.0,
                                0.0,
                                1.0
                            ],
                            "scale": [
                                1.0,
                                1.0,
                                1.0
                            ],
                            "translate": [
                                0.0,
                                -10000.0,
                                0.0
                            ]
                        }
                    }
                ],
                "ModelMeshRenderer": [
                    {
                        "blendMode": 1,
                        "directory": "./application/resource/Models",
                        "fileName": "box.obj",
                        "isRender": true,
                        "materialBufferDatas": [
                            {
                                "color": [
                                    0.4388185739517212,
                                    0.4388185739517212,
                                    0.4388185739517212,
                                    1.0
                                ],
                                "enableLighting": true,
                                "shininess": 63.56999969482422,
                                "specularColor": [
                                    0.24929603934288025,
                                    0.19626484811306,
                                    0.894514799118042
                                ],
                                "uvRotate": 0.0,
                                "uvScale": [
                                    1000.0,
                                    1000.0
                                ],
                                "uvTranslate": [
                                    0.0,
                                    0.0
                                ]
                            }
                        ],
                        "textureFilePath": [
                            "./application/resource/Texture/uvChecker.png"
                        ],
                        "transformBufferDatas": [
                            {
                                "rotate": [
                                    0.0,
                                    0.0,
                                    0.0,
                                    1.0
                                ],
                                "scale": [
                                    10000.0,
                                    10000.0,
                                    10000.0
                                ],
                                "translate": [
                                    0.0,
                                    -10000.0,
                                    0.0
                                ]
                            }
                        ]
                    }
                ],
                "Transform": [
                    {
                        "rotate": [
                            0.0,
                            0.0,
                            0.0,
                            1.0
                        ],
                        "scale": [
                            1.0,
                            1.0,
                            1.0
                        ],
                        "translate": [
                            0.0,
                            0.0,
                            0.0
                        ]
                    }
                ]
            },
            "Name": "ground",
            "Systems": [
                {
                    "SystemCategory": 4,
                    "SystemName": "CollisionCheckSystem"
                },
                {
                    "SystemCategory": 6,
                    "SystemName": "TexturedMeshRenderSystem"
                }
            ],
            "isUnique": false
        },
        {
            "Components": {
                "DirectionalLight": [
                    {
                        "color": [
                            1.0,
                            1.0,
                            1.0
                        ],
                        "direction": [
                            -0.4238532781600952,
                            -0.7754343152046204,
                            -0.46802783012390137
                        ],
                        "intensity": 1.809999942779541,
                        "isActive": true
                    }
                ]
            },
            "Name": "light",
            "Systems": [],
            "isUnique": false
        },
        {
            "Components": {
                "GpuParticleEmitter": [
                    {
                        "Material": {
                            "color": [
                                1.0,
                                1.0,
                                1.0,
                                1.0
                            ],
                            "enableLighting": false,
                            "shininess": 0.0,
                            "specularColor": [
                                1.0,
                                1.0,
                                1.0
                            ],
                            "uvRotate": 0.0,
                            "uvScale": [
                                1.0,
                                1.0
                            ],
                            "uvTranslate": [
                                0.0,
                                0.0
                            ]
                        },
                        "blendMode": 1,