{
    "CategoryActivity": [
        true,
        true,
        true,
        true,
        true,
        true,
        true,
        true
    ],
    "Entities": [
        {
            "Components": {
                "SpriteRenderer": [
                    {
                        "anchorPoint": [
                            0.5,
                            0.5
                        ],
                        "color": [
                            1.0,
                            1.0,
                            1.0,
                            1.0
                        ],
                        "defaultWindowSize": [
                            1392.0,
                            753.0
                        ],
                        "isFlipX": false,
                        "isFlipY": false,
                        "isRender": true,
                        "renderingPriority": 1,
                        "rotate": 0.0,
                        "scale": [
                            1.0,
                            1.0
                        ],
                        "size": [
                            549.8400268554688,
                            91.86599731445313
                        ],
                        "textureLeftTop": [
                            0.0,
                            0.0
                        ],
                        "texturePath": "./application/resource/Texture/Failed.png",
                        "textureSize": [
                            512.0,
                            128.0
                        ],
                        "translate": [
                            696.0,
                            125.7509994506836
                        ],
                        "uvRotate": 0.0,
                        "uvScale": [
                            1.0,
                            1.0
                        ],
                        "uvTranslate": [
                            0.0,
                            0.0
                        ],
                        "windowRatioPos": [
                            0.5,
                            0.16699999570846558
                        ],
                        "windowRatioSize": [
                            0.39500001072883606,
                            0.12200000137090683
                        ]
                    }
                ]
            },
            "Handle": {
                "uuid": "f3ad4152-9495-48fa-ba51-68eb960f35e7"
            },
            "Name": "Entity",
            "Systems": [
                {
                    "SystemCategory": 6,
                    "SystemName": "SpriteRenderSystem"
                }
            ],
            "isUnique": false
        },
        {
            "Components": {
                "Button": [
                    {
                        "hoverColor": [
                            0.800000011920929,
                            0.800000011920929,
                            0.800000011920929,
                            1.0
                        ],
                        "normalColor": [
                            0.3199999928474426,
                            0.3199999928474426,
                            0.3199999928474426,
                            1.0
                        ],
                        "pressColor": [
                            0.6000000238418579,
                            0.6000000238418579,
                            0.6000000238418579,
                            1.0
                        ],
                        "releaseColor": [
                            1.0,
                            1.0,
                            1.0,
                            1.0
                        ],
                        "shortKeys": [],
                        "shortcutPadButton": []
                    }
                ],
                "SpriteRenderer": [
                    {
                        "anchorPoint": [
                            0.5,
                            0.5
                        ],
                        "color": [
                            1.0,
                            1.0,
                            1.0,
                            1.0
                        ],
                        "defaultWindowSize": [
                            1392.0,
                            753.0
                        ],
                        "isFlipX": false,
                        "isFlipY": false,
                        "isRender": true,
                        "renderingPriority": 1,
                        "rotate": 0.0,
                        "scale": [
                            1.0,
                            1.0
                        ],
                        "size": [
                            357.18719482421875,
                            60.6583366394043
                        ],
                        "textureLeftTop": [
                            0.0,
                            0.0
                        ],
                        "texturePath": "./application/resource/Texture/Restart.png",
                        "textureSize": [
                            512.0,
                            128.0
                        ],
                        "translate": [
                            378.7632141113281,
                            376.5
                        ],
                        "uvRotate": 0.0,
                        "uvScale": [
                            1.0,
                            1.0
                        ],
                        "uvTranslate": [
                            0.0,
                            0.0
                        ],
                        "windowRatioPos": [
                            0.2721000015735626,
                            0.5
                        ],
                        "windowRatioSize": [
                            0.2565999925136566,
                            0.08055555820465088
                        ]
                    }
                ]
            },
            "Handle": {
                "uuid": "1fc98605-15c4-46ca-b1db-d893a85497d7"
            },
            "Name": "Restart",
            "Systems": [
                {
                    "SystemCategory": 6,
                    "SystemName": "SpriteRenderSystem"
                },
                {
                    "SystemCategory": 2,
                    "SystemName": "RestartOnButtonPressSystem"
                },
                {
                    "SystemCategory": 1,
                    "SystemName": "ButtonInputSystem"
                },
                {
                    "SystemCategory": 2,
                    "SystemName": "UpdateButtonColorByState"
                }
            ],
            "isUnique": false
        },
        {
            "Components": {
                "Button": [
                    {
                        "hoverColor": [
                            0.800000011920929,
                            0.800000011920929,
                            0.800000011920929,
                            1.0
                        ],
                        "normalColor": [
                            0.3199999928474426,
                            0.3199999928474426,
                            0.3199999928474426,
                            1.0
                        ],
                        "pressColor": [
                            0.6000000238418579,
                            0.6000000238418579,
                            0.6000000238418579,
                            1.0
                        ],
                        "releaseColor": [
                            1.0,
                            1.0,
                            1.0,
                            1.0
                        ],
                        "shortKeys": [
                            1
                        ],