{
    "CategoryActivity": [
        true,
        true,
        true,
        true,
        true,
        true,
        true,
        true
    ],
    "Entities": [
        {
            "Components": {
                "Button": [
                    {
                        "hoverColor": [
                            0.7552742958068848,
                            0.7552742958068848,
                            0.7552742958068848,
                            1.0
                        ],
                        "normalColor": [
                            1.0,
                            1.0,
                            1.0,
                            1.0
                        ],
                        "pressColor": [
                            0.405063271522522,
                            0.405063271522522,
                            0.405063271522522,
                            1.0
                        ],
                        "releaseColor": [
                            1.0,
                            1.0,
                            1.0,
                            1.0
                        ],
                        "shortKeys": [
                            28,
                            57
                        ],
                        "shortcutPadButton": [
                            4096,
                            8192,
                            16384,
                            32768,
                            64,
                            128,
                            256,
                            512
                        ]
                    }
                ],
                "DissolveEffectParam": [
                    {
                        "edgeWidth": 0.004999999888241291,
                        "isActive": true,
                        "outLineColor": [
                            0.01568627543747425,
                            0.7647058963775635,
                            1.0,
                            1.0
                        ],
                        "textureFilePath": "./application/resource/Texture/bioNoise.png",
                        "threshold": 0.0,
                        "uvRotate": 0.0,
                        "uvScale": [
                            1.0,
                            1.0
                        ],
                        "uvTranslate": [
                            0.0,
                            0.0
                        ]
                    }
                ],
                "SceneChanger": [
                    {
                        "nextSceneName": "Title"
                    }
                ],
                "SpriteRenderer": [
                    {
                        "anchorPoint": [
                            0.5,
                            0.5
                        ],
                        "color": [
                            1.0,
                            1.0,
                            1.0,
                            1.0
                        ],
                        "isFlipX": false,
                        "isFlipY": false,
                        "isRender": true,
                        "renderingPriority": 1,
                        "rotate": 0.0,
                        "scale": [
                            1.0,
                            1.0
                        ],
                        "size": [
                            512.0,
                            128.0
                        ],
                        "textureLeftTop": [
                            0.0,
                            0.0
                        ],
                        "texturePath": "./application/resource/Texture/Title.png",
                        "textureSize": [
                            512.0,
                            128.0
                        ],
                        "translate": [
                            640.0,
                            160.74000549316406
                        ],
                        "uvRotate": 0.0,
                        "uvScale": [
                            1.0,
                            1.0
                        ],
                        "uvTranslate": [
                            0.0,
                            0.0
                        ]
                    }
                ]
            },
            "Name": "ClearText",
            "Systems": [
                {
                    "SystemCategory": 2,
                    "SystemName": "ChangeSceneByButton"
                },
                {
                    "SystemCategory": 1,
                    "SystemName": "ButtonInputSystem"
                },
                {
                    "SystemCategory": 2,
                    "SystemName": "SceneTransition"
                },
                {
                    "SystemCategory": 2,
                    "SystemName": "UpdateButtonColorByState"
                },
                {
                    "SystemCategory": 6,
                    "SystemName": "SpriteRenderSystem"
                },
                {
                    "SystemCategory": 7,
                    "SystemName": "DissolveEffect"
                }
            ],
            "isUnique": false
        },
        {
            "Components": {
                "Button": [
                    {
                        "hoverColor": [
                            0.7568627595901489,
                            0.7568627595901489,
                            0.7568627595901489,
                            1.0
                        ],
                        "normalColor": [
                            1.0,
                            1.0,
                            1.0,
                            1.0
                        ],
                        "pressColor": [
                            0.40392157435417175,
                            0.40392157435417175,
                            0.40392157435417175,
                            1.0
                        ],
                        "releaseColor": [
                            1.0,
                            1.0,
                            1.0,
                            1.0
                        ],
                        "shortKeys": [],
                        "shortcutPadButton": []
                    }
                ],
                "SpriteRenderer": [
                    {
                        "anchorPoint": [
                            0.5,
                            0.5
                        ],
                        "color": [
                            1.0,
                            1.0,
                            1.0,
                            1.0
                        ],
                        "isFlipX": false,
                        "isFlipY": false,
                        "isRender": true,
                        "renderingPriority": 1,
                        "rotate": 0.0,
                        "scale": [
                            0.699999988079071,
                            0.699999988079071
                        ],
                        "size": [
                            542.0,
                            256.0
                        ],
                        "textureLeftTop": [
                            0.0,
                            0.0
                        ],
                        "texturePath": "./application/resource/Texture/SpaceOrA.png",
                        "textureSize": [
                            512.0,
                            256.0
                        ],
                        "translate": [
                            640.0,
                            532.6199951171875
                        ],
                        "uvRotate": 0.0,
                        "uvScale": [
                            1.0,
                            1.0
                        ],