{
    "Entities": [
        {
            "Components": {
                "Button": [
                    {
                        "hoverColor": [
                            0.7552742958068848,
                            0.7552742958068848,
                            0.7552742958068848,
                            1.0
                        ],
                        "normalColor": [
                            1.0,
                            1.0,
                            1.0,
                            1.0
                        ],
                        "pressColor": [
                            0.405063271522522,
                            0.405063271522522,
                            0.405063271522522,
                            1.0
                        ],
                        "releaseColor": [
                            1.0,
                            1.0,
                            1.0,
                            1.0
                        ],
                        "shortKeys": [
                            28,
                            57
                        ],
                        "shortcutPadButton": [
                            4096,
                            8192,
                            16384,
                            32768,
                            64,
                            128,
                            256,
                            512
                        ]
                    }
                ],
                "SceneChanger": [
                    {
                        "nextSceneName": "Game"
                    }
                ],
                "SpriteRenderer": [
                    {
                        "anchorPoint": [
                            0.0,
                            0.0
                        ],
                        "color": [
                            1.0,
                            1.0,
                            1.0,
                            1.0
                        ],
                        "isFlipX": false,
                        "isFlipY": false,
                        "renderingPriority": 1,
                        "rotate": 0.0,
                        "scale": [
                            1.0,
                            1.0
                        ],
                        "size": [
                            1280.0,
                            128.0
                        ],
                        "textureLeftTop": [
                            0.0,
                            0.0
                        ],
                        "texturePath": "./application/resource/Texture/NumbersUI.png",
                        "textureSize": [
                            1280.0,
                            128.0
                        ],
                        "translate": [
                            0.0,
                            128.0
                        ],
                        "uvRotate": 0.0,
                        "uvScale": [
                            1.0,
                            1.0
                        ],
                        "uvTranslate": [
                            0.0,
                            0.0
                        ]
                    }
                ]
            },
            "Name": "TitleBar",
            "Systems": [
                {
                    "SystemName": "ButtonInputSystem",
                    "SystemType": 1
                },
                {
                    "SystemName": "ChangeSceneByButton",
                    "SystemType": 2
                },
                {
                    "SystemName": "UpdateButtonColorByState",
                    "SystemType": 2
                },
                {
                    "SystemName": "SpriteRenderSystem",
                    "SystemType": 6
                }
            ],
            "isUnique": false
        },
        {
            "Components": {
                "Button": [
                    {
                        "hoverColor": [
                            0.7568627595901489,
                            0.7568627595901489,
                            0.7568627595901489,
                            1.0
                        ],
                        "normalColor": [
                            1.0,
                            1.0,
                            1.0,
                            1.0
                        ],
                        "pressColor": [
                            0.40392157435417175,
                            0.40392157435417175,
                            0.40392157435417175,
                            1.0
                        ],
                        "releaseColor": [
                            1.0,
                            1.0,
                            1.0,
                            1.0
                        ],
                        "shortKeys": [],
                        "shortcutPadButton": []
                    }
                ],
                "SpriteRenderer": [
                    {
                        "anchorPoint": [
                            0.5,
                            0.5
                        ],
                        "color": [
                            1.0,
                            1.0,
                            1.0,
                            1.0
                        ],
                        "isFlipX": false,
                        "isFlipY": false,
                        "renderingPriority": 1,
                        "rotate": 0.0,
                        "scale": [
                            0.10000000149011612,
                            0.10000000149011612
                        ],
                        "size": [
                            1024.0,
                            1024.0
                        ],
                        "textureLeftTop": [
                            0.0,
                            0.0
                        ],
                        "texturePath": "./application/resource/Texture/gimacho.png",
                        "textureSize": [
                            1024.0,
                            1024.0
                        ],
                        "translate": [
                            640.0,
                            560.0
                        ],
                        "uvRotate": 0.0,
                        "uvScale": [
                            1.0,
                            1.0
                        ],
                        "uvTranslate": [
                            0.0,
                            0.0
                        ]
                    }
                ]
            },
            "Name": "ButtonSprite",
            "Systems": [
                {
                    "SystemName": "ButtonInputSystem",
                    "SystemType": 1
                },
                {
                    "SystemName": "UpdateButtonColorByState",
                    "SystemType": 2
                },
                {
                    "SystemName": "SpriteRenderSystem",
                    "SystemType": 6
                }
            ],
            "isUnique": false
        },
        {
            "Components": {
                "VignetteParam": [
                    {
                        "color": [
                            0.8185653686523438,
                            1.0,
                            0.9104310274124146,
                            1.0
                        ],
                        "vignettePow": 0.019999999552965164,
                        "vignetteScale": 80.0
                    }
                ]
            },
            "Name": "Vignette",
            "Systems": [
                {
                    "SystemName": "VignetteEffect",
                    "SystemType": 7
                }
            ],
            "isUnique": false
        }
    ],