{
    "GamePad": {
        "DeadZone": 0.4000000059604645,
        "TriggerDeadZone": 0.4000000059604645
    }
}
