{
    "StageCount": 1,
    "Stages": [
        {
            "ClearTimeRanking": {
                "Time1": 57.65864944458008,
                "Time2": 57.65864944458008,
                "Time3": 57.65864944458008
            },
            "IsCleared": true,
            "StageNumber": 1
        }
    ]
}
