{
    "StageCount": 1,
    "Stages": [
        {
            "ClearTimeRanking": {
                "Time1": 55.60090255737305,
                "Time2": 55.60090255737305,
                "Time3": 55.60090255737305
            },
            "IsCleared": true,
            "StageNumber": 1
        }
    ]
}
